{"cameraMode":{"drawMode":0,"name":"Shaded","section":"Shading Mode"},"sceneLighting":false,"audioPlay":false,"sceneViewState":{"showFog":true,"showMaterialUpdate":false,"showSkybox":true,"showFlares":true,"showImageEffects":true,"showParticleSystems":true},"in2DMode":false,"pivot":{"x":-3.965642213821411,"y":0.5302267074584961,"z":-1.086799144744873},"rotation":{"x":0.01898045837879181,"y":0.959058940410614,"z":-0.27474385499954226,"w":0.06627745926380158},"size":3.5660250186920168,"orthographic":false}