{"cameraMode":{"drawMode":0,"name":"Shaded","section":"Shading Mode"},"sceneLighting":false,"audioPlay":false,"sceneViewState":{"showFog":true,"showMaterialUpdate":false,"showSkybox":true,"showFlares":true,"showImageEffects":true,"showParticleSystems":true},"in2DMode":false,"pivot":{"x":-5.693397521972656,"y":1.850000023841858,"z":-0.15693449974060059},"rotation":{"x":-0.14197343587875367,"y":0.4987240433692932,"z":-0.08320332318544388,"w":-0.850996196269989},"size":22.0,"orthographic":false}