{"cameraMode":{"drawMode":0,"name":"Shaded","section":"Shading Mode"},"sceneLighting":false,"audioPlay":false,"sceneViewState":{"showFog":true,"showMaterialUpdate":false,"showSkybox":false,"showFlares":true,"showImageEffects":true,"showParticleSystems":true},"in2DMode":false,"pivot":{"x":-1.0084707736968995,"y":1.0769659280776978,"z":-0.8566628694534302},"rotation":{"x":-0.013168755918741227,"y":0.9414604306221008,"z":-0.03702761232852936,"w":-0.3348301649093628},"size":3.4416584968566896,"orthographic":false}