{"cameraMode":{"drawMode":0,"name":"Shaded","section":"Shading Mode"},"sceneLighting":false,"audioPlay":false,"sceneViewState":{"showFog":true,"showMaterialUpdate":false,"showSkybox":true,"showFlares":true,"showImageEffects":true,"showParticleSystems":true},"in2DMode":false,"pivot":{"x":-1.3927923440933228,"y":2.1929168701171877,"z":2.4814720153808595},"rotation":{"x":0.05274013429880142,"y":0.8464127779006958,"z":-0.08535266667604447,"w":0.5230198502540588},"size":1.0196900367736817,"orthographic":false}