{"cameraMode":{"drawMode":0,"name":"Shaded","section":"Shading Mode"},"sceneLighting":false,"audioPlay":false,"sceneViewState":{"showFog":true,"showMaterialUpdate":false,"showSkybox":true,"showFlares":true,"showImageEffects":true,"showParticleSystems":true},"in2DMode":false,"pivot":{"x":-1.5789942741394044,"y":0.8545450568199158,"z":0.20545446872711183},"rotation":{"x":-0.02422509528696537,"y":0.7868032455444336,"z":-0.0309450663626194,"w":-0.6159527897834778},"size":3.2921574115753176,"orthographic":false}